amfi_code,tracking_error
148567,0.18797377271500346
100033,0.2249762864379556
120505,0.23266121743560642
120843,0.20653967537989154
119094,0.23977422910608373
